[
	{
		"id": 1,
		"url": "../assets/images/catalog/catalog-photo1.jpg",
		"title": {
			"brand": "KAMA",
			"modelname": "",
			"modelnumber": "505",
			"width": "175",
			"height": "65",
			"radius": "14",
			"indexload": "82",
			"indexspeed": "T"
		},
		"price": "2 250",
		"season": {
			"url": "summer",
			"alt": "Летние"
		}
	},
	{
		"id": 2,
		"url": "../assets/images/catalog/catalog-photo1.jpg",
		"title": {
			"brand": "KAMA",
			"modelname": "Brina",
			"modelnumber": "V-521",
			"width": "185",
			"height": "60",
			"radius": "16",
			"indexload": "82",
			"indexspeed": "T"
		},
		"price": "4 350",
		"season": {
			"url": "winter",
			"alt": "Зимние"
		}
	},
	{
		"id": 3,
		"url": "../assets/images/catalog/catalog-photo1.jpg",
		"title": {
			"brand": "VIATTI",
			"modelname": "Brina",
			"modelnumber": "V-521",
			"width": "185",
			"height": "60",
			"radius": "15",
			"indexload": "82",
			"indexspeed": "T"
		},
		"price": "3 450",
		"season": {
			"url": "winter",
			"alt": "Зимние"
		}
	},
	{
		"id": 4,
		"url": "../assets/images/catalog/catalog-photo1.jpg",
		"title": {
			"brand": "KAMA",
			"modelname": "",
			"modelnumber": "521",
			"width": "185",
			"height": "60",
			"radius": "15",
			"indexload": "82",
			"indexspeed": "T"
		},
		"price": "3 450",
		"season": {
			"url": "winter",
			"alt": "Зимние"
		}
	},
	{
		"id": 5,
		"url": "../assets/images/catalog/catalog-photo1.jpg",
		"title": {
			"brand": "KAMA",
			"modelname": "",
			"modelnumber": "521",
			"width": "185",
			"height": "60",
			"radius": "15",
			"indexload": "82",
			"indexspeed": "T"
		},
		"price": "3 450",
		"season": {
			"url": "winter",
			"alt": "Зимние"
		}
	},
	{
		"id": 6,
		"url": "../assets/images/catalog/catalog-photo1.jpg",
		"title": {
			"brand": "KAMA",
			"modelname": "",
			"modelnumber": "521",
			"width": "185",
			"height": "60",
			"radius": "15",
			"indexload": "82",
			"indexspeed": "T"
		},
		"price": "3 450",
		"season": {
			"url": "winter",
			"alt": "Зимние"
		}
	},
	{
		"id": 7,
		"url": "../assets/images/catalog/catalog-photo1.jpg",
		"title": {
			"brand": "KAMA",
			"modelname": "",
			"modelnumber": "521",
			"width": "185",
			"height": "60",
			"radius": "15",
			"indexload": "82",
			"indexspeed": "T"
		},
		"price": "3 450",
		"season": {
			"url": "winter",
			"alt": "Зимние"
		}
	},
	{
		"id": 8,
		"url": "../assets/images/catalog/catalog-photo1.jpg",
		"title": {
			"brand": "MICHELIN",
			"modelname":  "",
			"modelnumber":  "320",
			"width": "185",
			"height": "60",
			"radius": "14",
			"indexload": "82",
			"indexspeed": "T"
		},
		"price": "5 500",
		"season": {
			"url": "summer",
			"alt": "Лето"
		}
	}
]