[
	{
		"id": 1,
		"url": "../assets/images/catalog/photo1.jpg",
		"title": {
			"brand": "Pirelli",
			"modelname": "P7cint",
			"modelnumber": "ECO grdC",
			"width": "205",
			"height": "55",
			"radius": "16",
			"indexload": "91",
			"indexspeed": "V"
		},
		"price": "4 700",
		"season": {
			"url": "summer",
			"alt": "Летние"
		}
	},
	{
		"id": 2,
		"url": "../assets/images/catalog/photo2.jpg",
		"title": {
			"brand": "Nexen Tire",
			"modelname": "",
			"modelnumber": "",
			"width": "205",
			"height": "55",
			"radius": "16",
			"indexload": "91",
			"indexspeed": "V"
		},
		"price": "4 150",
		"season": {
			"url": "summer",
			"alt": "Летние"
		}
	},
	{
		"id": 3,
		"url": "../assets/images/catalog/photo3.jpg",
		"title": {
			"brand": "Kama",
			"modelname": "Flame",
			"modelnumber": "",
			"width": "205",
			"height": "70",
			"radius": "16",
			"indexload": "91",
			"indexspeed": "Q"
		},
		"price": "5 700",
		"season": {
			"url": "summer",
			"alt": "Летние"
		}
	},
	{
		"id": 4,
		"url": "../assets/images/catalog/photo4.jpg",
		"title": {
			"brand": "Pirelli",
			"modelname": "P1cint",
			"modelnumber": "VerdeEco",
			"width": "195",
			"height": "50",
			"radius": "15",
			"indexload": "82",
			"indexspeed": "V"
		},
		"price": "3 750",
		"season": {
			"url": "summer",
			"alt": "Летние"
		}
	},
	{
		"id": 5,
		"url": "../assets/images/catalog/photo5.jpg",
		"title": {
			"brand": "Nokian Tyres",
			"modelname": "Hakka Green",
			"modelnumber": "3",
			"width": "195",
			"height": "65",
			"radius": "15",
			"indexload": "95",
			"indexspeed": "H"
		},
		"price": "4 300",
		"season": {
			"url": "summer",
			"alt": "Летние"
		}
	},
	{
		"id": 6,
		"url": "../assets/images/catalog/photo6.jpg",
		"title": {
			"brand": "Nexen Tire",
			"modelname": "",
			"modelnumber": "",
			"width": "195",
			"height": "65",
			"radius": "15",
			"indexload": "91",
			"indexspeed": "T"
		},
		"price": "3 750",
		"season": {
			"url": "summer",
			"alt": "Летние"
		}
	},
	{
		"id": 7,
		"url": "../assets/images/catalog/photo7.jpg",
		"title": {
			"brand": "Yokohama",
			"modelname": "BlueEarth-Es",
			"modelnumber": "ES32",
			"width": "195",
			"height": "65",
			"radius": "15",
			"indexload": "91",
			"indexspeed": "v"
		},
		"price": "4 200",
		"season": {
			"url": "summer",
			"alt": "Летние"
		}
	},
	{
		"id": 8,
		"url": "../assets/images/catalog/photo8.jpg",
		"title": {
			"brand": "Kumho Tyre",
			"modelname":  "EcoWing",
			"modelnumber":  "ES31",
			"width": "195",
			"height": "65",
			"radius": "15",
			"indexload": "91",
			"indexspeed": "V"
		},
		"price": "4 200",
		"season": {
			"url": "summer",
			"alt": "Лето"
		}
	},
	{
		"id": 9,
		"url": "../assets/images/catalog/photo9.jpg",
		"title": {
			"brand": "Nexen Tire",
			"modelname":  "",
			"modelnumber":  "",
			"width": "195",
			"height": "65",
			"radius": "15",
			"indexload": "91",
			"indexspeed": "T"
		},
		"price": "5 400",
		"season": {
			"url": "summer",
			"alt": "Лето"
		}
	}
]